topic,countries_n,spearman_r,p_value,median_rate_per_1000,max_rate_per_1000
Source of heat,62,0.6453536413480628,1.4913203972721236e-08,3.912310538250388,20.27027027027027
Menstruation pads / tampax,62,0.48923125785729177,5.4591527673840345e-05,2.3805749612201224,13.157894736842104
Contraceptives,62,0.2882227094294868,0.023103140210392746,0.0,5.159071367153913
Medication,62,0.28578265028479233,0.02434475563058378,7.488211183815819,19.51219512195122
Toilet paper,62,0.22609287827445096,0.0772306161208214,9.436002184762032,17.045454545454543
Shower,62,-0.15419678178161977,0.23145865294884915,9.04995904995905,14.9812734082397
Soap for hands and body,62,-0.23551039440617957,0.06537511118034904,9.384939081078436,31.914893617021274
Bathroom Privacy,62,-0.40950838243889204,0.0009494995813419462,9.552355509220043,22.84263959390863
